f_1,f_2,num_rounds,title_fight,weight_class,gender,fighter_height_cm, fighter_weight_lbs, fighter_reach_cm, fighter_stance, fighter_w, fighter_l, fighter_d, fighter_dob, cum_ctrl_time, cum_reversals, cum_submission_att, cum_takedown_succ, cum_takedown_att, cum_sig_strikes_att, cum_total_strikes_succ, cum_total_strikes_att, cum_knockdowns,  avg_finish_time
/ islam vs dustin
data_f1 = np.array([[1895,1189,5,1,0.0,0.0,177.8,155.0,177.8,1.0,24.0,1.0,0.0,32.41067761806981,300.7142857142857,0.2142857142857142,0.7142857142857143,2.2142857142857144,3.571428571428572,40.642857142857146,58.42857142857143,81.21428571428571,0.2142857142857142,207.3571428571429]]) #islam
data_f2 = np.array([[1189,1895,5,1,0.0,0.0,175.26,155.0,182.88,1.0,29.0,8.0,0.0,35.17864476386037,125.6086956521739,0.0434782608695652,0.6086956521739131,0.9130434782608696,2.565217391304348,113.6086956521739,69.34782608695652,125.82608695652172,0.5652173913043478,190.17391304347825]]) # dustin
RF Winner: Islam
NN Winner: Dustin

/sean vs costa
data_f1 = np.array([[512,3381,5,0,5.0,0.0,185.42,185.0,193.04,0.0,28.0,5.0,0.0,33.073237508555785,91.6,0.0,0.2,0.9,1.4,204.55,93.95,214.6,0.3,267.8]]) #sean
data_f2 = np.array([[3381,512,5,0,5.0,0.0,185.42,185.0,182.88,0.0,14.0,2.0,0.0,32.92813141683778,51.375,0.0,0.0,0.375,0.5,115.0,75.75,121.625,0.5,190.375]]) # costa
RF Winner: Costa with prob: .47
NN Winner: Sean

/holland vs michal
data_f1 = np.array([[2534,1403,5,0,5.0,0.0,190.5,170.0,205.74,0.0,25.0,10.0,0.0,31.38398357289528,85.84210526315789,0.1578947368421052,0.4210526315789473,0.631578947368421,1.4736842105263157,98.57894736842104,85.6842105263158,137.6315789473684,0.2631578947368421,200.6315789473684]]) #holland
data_f2 = np.array([[1403,2534,5,0,5.0,0.0,185.42,185.0,182.88,0.0,14.0,2.0,0.0,32.92813141683778,51.375,0.0,0.0,0.375,0.5,115.0,75.75,121.625,0.5,190.375]]) # costa